<?xml version="1.0" encoding="UTF-8"?>
<project-private xmlns="http://www.netbeans.org/ns/project-private/1">
    <editor-bookmarks xmlns="http://www.netbeans.org/ns/editor-bookmarks/2" lastBookmarkId="0"/>
    <open-files xmlns="http://www.netbeans.org/ns/projectui-open-files/2">
        <group name="Cougar5.1"/>
        <group>
            <file>file:/C:/Documents%20and%20Settings/SHAH/Desktop/test/test/src/oneit/access/ReadDatabase.java</file>
            <file>file:/C:/Documents%20and%20Settings/SHAH/Desktop/test/test/src/oneit/test/MyDoublyList.java</file>
            <file>file:/C:/Documents%20and%20Settings/SHAH/Desktop/test/test/src/oneit/test/Test5.java</file>
            <file>file:/C:/Documents%20and%20Settings/SHAH/Desktop/test/test/src/oneit/access/ReadRegister.java</file>
            <file>file:/C:/Documents%20and%20Settings/SHAH/Desktop/test/test/src/oneit/model/Booking.java</file>
            <file>file:/C:/Documents%20and%20Settings/SHAH/Desktop/test/test/src/oneit/model/Employee.java</file>
            <file>file:/C:/Documents%20and%20Settings/SHAH/Desktop/test/test/src/oneit/test/Test2.java</file>
            <file>file:/C:/Documents%20and%20Settings/SHAH/Desktop/test/test/src/oneit/test/Test3.java</file>
            <file>file:/C:/Documents%20and%20Settings/SHAH/Desktop/test/test/src/oneit/test/Test1.java</file>
            <file>file:/C:/Documents%20and%20Settings/SHAH/Desktop/test/test/src/oneit/test/Test4.java</file>
        </group>
        <group name="Cougar7.0">
            <file>file:/home/david/1iT/Admin/HR/2013-04%20Java%20Dev/TestProject2/src/oneit/test/MyDoublyList.java</file>
            <file>file:/home/david/1iT/Admin/HR/2013-04%20Java%20Dev/TestProject2/src/oneit/test/Test1.java</file>
            <file>file:/home/david/1iT/Admin/HR/2013-04%20Java%20Dev/TestProject2/src/oneit/test/Test2.java</file>
            <file>file:/home/david/1iT/Admin/HR/2013-04%20Java%20Dev/TestProject2/src/oneit/access/ReadDatabase.java</file>
            <file>file:/home/david/1iT/Admin/HR/2013-04%20Java%20Dev/TestProject2/src/oneit/model/Booking.java</file>
            <file>file:/home/david/1iT/Admin/HR/2013-04%20Java%20Dev/TestProject2/src/oneit/access/ReadRegister.java</file>
            <file>file:/home/david/1iT/Admin/HR/2013-04%20Java%20Dev/TestProject2/src/oneit/test/Test3.java</file>
            <file>file:/home/david/1iT/Admin/HR/2013-04%20Java%20Dev/TestProject2/src/oneit/test/Test4.java</file>
            <file>file:/home/david/1iT/Admin/HR/2013-04%20Java%20Dev/TestProject2/src/oneit/model/Employee.java</file>
            <file>file:/home/david/1iT/Admin/HR/2013-04%20Java%20Dev/TestProject2/src/oneit/test/Test5.java</file>
            <file>file:/home/david/1iT/Admin/HR/2013-04%20Java%20Dev/TestProject2/src/oneit/model/PayRecord.java</file>
            <file>file:/home/david/1iT/Admin/HR/2013-04%20Java%20Dev/TestProject2/src/oneit/test/Test6.java</file>
            <file>file:/home/david/1iT/Admin/HR/2013-04%20Java%20Dev/TestProject2/src/oneit/test/Test7.java</file>
            <file>file:/home/david/1iT/Admin/HR/2013-04%20Java%20Dev/TestProject2/src/oneit/test/Test8.java</file>
        </group>
    </open-files>
</project-private>
